1,google.com
2,microsoft.com
3,facebook.com
4,gtld-servers.net
5,mail.ru
6,cloudflare.com
7,googleapis.com
8,youtube.com
9,amazonaws.com
10,dzen.ru
11,apple.com
12,instagram.com
13,gstatic.com
14,office.com
15,twitter.com
16,live.com
17,akamai.net
18,linkedin.com
19,googlevideo.com
20,googletagmanager.com
21,akamaiedge.net
22,fbcdn.net
23,akadns.net
24,amazon.com
25,microsoftonline.com
26,workers.dev
27,azure.com
28,windowsupdate.com
29,wikipedia.org
30,googleusercontent.com
31,doubleclick.net
32,github.com
33,bing.com
34,digicert.com
35,domaincontrol.com
36,netflix.com
37,ax-msedge.net
38,whatsapp.net
39,t-msedge.net
40,fastly.net
41,office.net
42,wordpress.org
43,e2ro.com
44,apple-dns.net
45,youtu.be
46,aaplimg.com
47,pinterest.com
48,appsflyersdk.com
49,icloud.com
50,googlesyndication.com
51,yahoo.com
52,sharepoint.com
53,trafficmanager.net
54,windows.net
55,whatsapp.com
56,ntp.org
57,akam.net
58,skype.com
59,goo.gl
60,msn.com
61,x.com
62,tiktokcdn.com
63,roblox.com
64,cloudfront.net
65,spotify.com
66,ripn.net
67,tiktok.com
68,vimeo.com
69,gandi.net
70,adobe.com
71,14emeliaterracewestroxburyma02132.su
72,gvt2.com
73,gvt1.com
74,tiktokv.com
75,dual-s-msedge.net
76,nic.ru
77,ytimg.com
78,qq.com
79,bit.ly
80,zoom.us
81,ln-msedge.net
82,cloudflare.net
83,wa.me
84,office365.com
85,google-analytics.com
86,yandex.net
87,opera.com
88,baidu.com
89,samsung.com
90,googledomains.com
91,cloudflare-dns.com
92,nginx.org
93,wordpress.com
94,a2z.com
95,edgekey.net
96,cdninstagram.com
97,windows.com
98,reddit.com
99,nginx.com
100,mozilla.org
101,ui.com
102,root-servers.net
103,vedcdnlb.com
104,edgesuite.net
105,wac-msedge.net
106,unity3d.com
107,googleadservices.com
108,sentry.io
109,blogspot.com
110,t.me
111,vk.com
112,europa.eu
113,amazon-adsystem.com
114,criteo.com
115,snapchat.com
116,okcdn.ru
117,dns.google
118,apache.org
119,app-measurement.com
120,github.io
121,dropbox.com
122,gravatar.com
123,bytefcdn-oversea.com
124,msedge.net
125,outlook.com
126,one.one
127,xiaomi.com
128,intuit.com
129,dns.cn
130,spov-msedge.net
131,cloud.microsoft
132,epicgames.com
133,msftncsi.com
134,aiv-cdn.net
135,pki.goog
136,yandex.ru
137,adnxs.com
138,archive.org
139,nih.gov
140,dnsowl.com
141,miit.gov.cn
142,userapi.com
143,discord.gg
144,tumblr.com
145,app-analytics-services.com
146,nist.gov
147,forms.gle
148,health.mil
149,amazon.dev
150,spo-msedge.net
151,applovin.com
152,amazonvideo.com
153,ggpht.com
154,steamserver.net
155,3gppnetwork.org
156,nytimes.com
157,paypal.com
158,trbcdn.net
159,telekom.de
160,registrar-servers.com
161,reg.ru
162,kaspersky.com
163,b-cdn.net
164,tiktokcdn-us.com
165,shopify.com
166,rubiconproject.com
167,f5.com
168,macromedia.com
169,flickr.com
170,cdn77.org
171,chatgpt.com
172,medium.com
173,godaddy.com
174,discord.com
175,msftconnecttest.com
176,aliyuncs.com
177,telecid.ru
178,miui.com
179,adtrafficquality.google
180,soundcloud.com
181,pubmatic.com
182,w3.org
183,cnn.com
184,taboola.com
185,adobe.io
186,azurefd.net
187,theguardian.com
188,lencr.org
189,vecdnlb.com
190,android.com
191,pv-cdn.net
192,vungle.com
193,nflxso.net
194,cdn-apple.com
195,adsrvr.org
196,mts.ru
197,aws.dev
198,azurewebsites.net
199,forbes.com
200,creativecommons.org
201,wildberries.ru
202,edgecdn.ru
203,t.co
204,doubleverify.com
205,sourceforge.net
206,ozon.ru
207,example.com
208,wsdvs.com
209,adriver.ru
210,salesforce.com
211,bbc.co.uk
212,twitch.tv
213,shifen.com
214,sciencedirect.com
215,bbc.com
216,myfritz.net
217,oracle.com
218,webex.com
219,cpanel.net
220,azureedge.net
221,mit.edu
222,demdex.net
223,casalemedia.com
224,gmail.com
225,researchgate.net
226,inmobi.com
227,ebay.com
228,weather.com
229,kwai-pro.com
230,ubuntu.com
231,imdb.com
232,doi.org
233,ttdns2.com
234,scorecardresearch.com
235,meraki.com
236,roku.com
237,jomodns.com
238,openai.com
239,akamaized.net
240,youtube-nocookie.com
241,alibabadns.com
242,yandex.com
243,static.microsoft
244,mangosip.ru
245,cisco.com
246,playstation.net
247,wixsite.com
248,comcast.net
249,canva.com
250,hubspot.com
251,wikimedia.org
252,mailinabox.email
253,who.int
254,capcutapi.com
255,linktr.ee
256,a-msedge.net
257,ksyuncdn.com
258,rocket-cdn.com
259,hp.com
260,nr-data.net
261,mozilla.com
262,launchpad.net
263,tinyurl.com
264,cdngslb.com
265,safebrowsing.apple
266,omtrdc.net
267,amazon.co.uk
268,facebook.net
269,googleblog.com
270,ibm.com
271,appsflyer.com
272,media-amazon.com
273,grammarly.com
274,mi.com
275,cncdn.com
276,stripe.com
277,samsungqbe.com
278,drom.ru
279,hichina.com
280,samsungcloud.com
281,openx.net
282,mtgglobals.com
283,ttvnw.net
284,moe.video
285,reuters.com
286,nominetdns.uk
287,harvard.edu
288,fastly-edge.com
289,crashlytics.com
290,www.gov.uk
291,ok.ru
292,alibaba.com
293,mzstatic.com
294,ampproject.org
295,steampowered.com
296,php.net
297,nature.com
298,issuu.com
299,weebly.com
300,media.net
301,wiley.com
302,shalltry.com
303,3lift.com
304,arubanetworks.com
305,rbxcdn.com
306,go.com
307,forter.com
308,ea.com
309,tradingview.com
310,launchdarkly.com
311,hostgator.com
312,dns-parking.com
313,debian.org
314,opendns.com
315,adsafeprotected.com
316,weibo.com
317,heytapmobile.com
318,slack.com
319,avast.com
320,smartadserver.com
321,douyincdn.com
322,dnsmadeeasy.com
323,autodesk.com
324,myshopify.com
325,booking.com
326,cdc.gov
327,ivi.ru
328,pages.dev
329,byteoversea.net
330,washingtonpost.com
331,kaspersky-labs.com
332,etsy.com
333,browser-intake-datadoghq.com
334,springer.com
335,dropcatch.com
336,name-services.com
337,cookielaw.org
338,tiktokv.us
339,netangels.ru
340,dailymail.co.uk
341,dailymotion.com
342,jsdelivr.net
343,clarity.ms
344,huawei.com
345,wsj.com
346,gnu.org
347,dell.com
348,akamaihd.net
349,un.org
350,inner-active.mobi
351,nstld.com
352,naver.com
353,telegraph.co.uk
354,vedsalb.com
355,bloomberg.com
356,aliyun.com
357,allawnos.com
358,samsungcloudsolution.com
359,mynetname.net
360,ezvizlife.com
361,checkpoint.com
362,mikrotik.com
363,bilibili.com
364,heytapdl.com
365,ibyteimg.com
366,expireddomains.com
367,xboxlive.com
368,stanford.edu
369,ipv4only.arpa
370,tp-link.com
371,wyzecam.com
372,netflix.net
373,cloudns.net
374,aiv-delivery.net
375,kwaipros.com
376,espn.com
377,google.de
378,wp.com
379,tiktokrow-cdn.com
380,unsplash.com
381,vkuser.net
382,alicdn.com
383,nvidia.com
384,wbx2.com
385,google.com.br
386,telegram.org
387,2mdn.net
388,indeed.com
389,businessinsider.com
390,temu.com
391,nasa.gov
392,erome.com
393,myhuaweicloud.com
394,amazonalexa.com
395,independent.co.uk
396,cornell.edu
397,cdnbuild.net
398,plesk.com
399,alidns.com
400,duckduckgo.com
401,tiktokcdn-eu.com
402,sc-gw.com
403,ip-api.com
404,calendly.com
405,163.com
406,sfx.ms
407,avcdn.net
408,pixabay.com
409,bamgrid.com
410,amazon.de
411,pangle.io
412,globo.com
413,tiktokv.eu
414,telegram.me
415,taobao.com
416,aliexpress.com
417,notamedia.ru
418,quora.com
419,teamviewer.com
420,steamcommunity.com
421,avsxappcaptiveportal.com
422,cnbc.com
423,list-manage.com
424,cookiedatabase.org
425,statista.com
426,rzone.de
427,ngenix.net
428,uol.com.br
429,sberbank.ru
430,duolingo.com
431,firetvcaptiveportal.com
432,adobe.net
433,scdn.co
434,goodreads.com
435,cloudflareinsights.com
436,npr.org
437,vivoglobal.com
438,qlivecdn.com
439,nease.net
440,gitlab.com
441,aol.com
442,trustpilot.com
443,att.net
444,addtoany.com
445,eventbrite.com
446,line.me
447,id5-sync.com
448,g.page
449,mediatek.com
450,uber.com
451,sharethrough.com
452,beian.gov.cn
453,yahoo.co.jp
454,indiatimes.com
455,afternic.com
456,walmart.com
457,2gis.com
458,kwai.net
459,online-metrix.net
460,nflximg.com
461,speedtest.net
462,behance.net
463,mcafee.com
464,foxnews.com
465,giphy.com
466,nflxvideo.net
467,b-msedge.net
468,bidswitch.net
469,cdn20.com
470,discord.media
471,wired.com
472,xcal.tv
473,zendesk.com
474,sohu.com
475,verisign.com
476,vivo.com.cn
477,amzn.to
478,fidelity.com
479,cox.net
480,icloud-content.com
481,consultant.ru
482,slideshare.net
483,amplitude.com
484,mysql.com
485,google.co.uk
486,imcmdb.net
487,cdnvideo.ru
488,deepintent.com
489,ietf.org
490,dnspod.net
491,scribd.com
492,stackoverflow.com
493,google.com.hk
494,time.com
495,gosuslugi.ru
496,msidentity.com
497,imgsmail.ru
498,s-msedge.net
499,usatoday.com
500,wb.ru
501,atlassian.com
502,firefox.com
503,sina.com.cn
504,ft.com
505,shein.com
506,blogger.com
507,t-online.de
508,live-video.net
509,myqcloud.com
510,byteconnect.io
511,bluehost.com
512,indexww.com
513,visualstudio.com
514,crpt.ru
515,my.com
516,stbid.ru
517,360yield.com
518,goskope.com
519,svc.ms
520,netease.com
521,docker.com
522,ys7.com
523,tbcache.com
524,deviantart.com
525,xhamster.com
526,jquery.com
527,xiaomi.net
528,bsky.app
529,paloaltonetworks.com
530,rutube.ru
531,elasticbeanstalk.com
532,easebar.com
533,worldnic.com
534,rakuten.co.jp
535,timeweb.ru
536,patreon.com
537,gcdn.co
538,supercell.com
539,name.com
540,tencent-cloud.net
541,rlcdn.com
542,nypost.com
543,wix.com
544,playstation.com
545,comcast.com
546,intel.com
547,fast.com
548,tripadvisor.com
549,tandfonline.com
550,free.fr
551,fandom.com
552,adobedtm.com
553,oup.com
554,imgur.com
555,byteglb.com
556,run.app
557,tm-azurefd.net
558,eset.com
559,berkeley.edu
560,mega.co.nz
561,pendo.io
562,cnet.com
563,target.com
564,dynatrace.com
565,hotjar.com
566,gandi-ns.fr
567,mhverifier.ru
568,braze.com
569,cmediahub.ru
570,yahoodns.net
571,trendmicro.com
572,britannica.com
573,branch.io
574,tplinkcloud.com
575,telekom.net
576,loc.gov
577,ca.gov
578,sophos.com
579,amazon.co.jp
580,awswaf.com
581,bdydns.com
582,ikea.com
583,intercom.io
584,squarespace.com
585,buzzfeed.com
586,spaceweb.pro
587,whecloud.com
588,azure-dns.com
589,uk.com
590,ovh.net
591,licdn.com
592,awsglobalaccelerator.com
593,onetrust.com
594,aboutads.info
595,lijit.com
596,googletagservices.com
597,merriam-webster.com
598,hicloud.com
599,cbsnews.com
600,shutterstock.com
601,noaa.gov
602,accuweather.com
603,wbbasket.ru
604,he.net
605,hostgator.com.br
606,samsungapps.com
607,ieee.org
608,nike.com
609,amazontrust.com
610,g.co
611,360safe.com
612,shopee.com.br
613,namebrightdns.com
614,surveymonkey.com
615,live.net
616,twimg.com
617,substack.com
618,yelp.com
619,okta.com
620,force.com
621,vtwenty.com
622,markmonitor.com
623,arxiv.org
624,techcrunch.com
625,ted.com
626,wp.pl
627,fontawesome.com
628,oraclecloud.com
629,deepl.com
630,dotomi.com
631,stackadapt.com
632,yieldmo.com
633,typekit.net
634,duckdns.org
635,newrelic.com
636,wattpad.com
637,viber.com
638,sentinelone.net
639,optimizely.com
640,elpais.com
641,jotform.com
642,chinamobile.com
643,pinimg.com
644,withgoogle.com
645,tapad.com
646,smaato.net
647,brave.com
648,digitalocean.com
649,w3schools.com
650,telephony.goog
651,agkn.com
652,dreamhost.com
653,quickconnect.to
654,wswebcdn.com
655,redhat.com
656,amazon.fr
657,xerox.com
658,outbrain.com
659,conviva.com
660,bidmachine.io
661,gdemoideti.ru
662,avito.ru
663,ozone.ru
664,appcenter.ms
665,rt.ru
666,amazon.ca
667,grammarly.io
668,service.gov.uk
669,1rx.io
670,cambridge.org
671,mailchimp.com
672,crwdcntrl.net
673,vidaahub.com
674,vkontakte.ru
675,salesforceliveagent.com
676,sc-cdn.net
677,klaviyo.com
678,vkuserphoto.ru
679,marriott.com
680,adform.net
681,airbnb.com
682,lemonde.fr
683,ups.com
684,spiegel.de
685,yandxadservices.net
686,unesco.org
687,bidr.io
688,websitewelcome.com
689,fb.com
690,googlezip.net
691,volcfcdndvs.com
692,steamstatic.com
693,quantserve.com
694,liadm.com
695,anydesk.com
696,sagepub.com
697,zillow.com
698,zoho.com
699,ring.com
700,asus.com
701,gumgum.com
702,omnitagjs.com
703,ya.ru
704,nic.network
705,exp-tas.com
706,33across.com
707,nel.goog
708,heylink.me
709,edgecastdns.net
710,tencent.com
711,webmd.com
712,impervadns.net
713,shopee.co.id
714,creativecdn.com
715,mediafire.com
716,onelink.me
717,hath.network
718,ovscdns.com
719,samsungacr.com
720,bugsnag.com
721,ipify.org
722,mdpi.com
723,hihonorcloud.com
724,ks-cdn.com
725,xvideos.com
726,dbankcloud.com
727,bytefcdn-ttpus.com
728,people.com
729,google.cn
730,amazon.in
731,vk.ru
732,hcaptcha.com
733,box.com
734,investopedia.com
735,mixpanel.com
736,rackspace.net
737,360.cn
738,theverge.com
739,bitrix24.ru
740,warnerbros.com
741,everesttech.net
742,xbox.com
743,freepik.com
744,prnewswire.com
745,imrworldwide.com
746,latimes.com
747,gtld.biz
748,miwifi.com
749,allaboutcookies.org
750,criteo.net
751,fiverr.com
752,amazon.es
753,rackspace.com
754,bestbuy.com
755,liftoff.io
756,t-mobile.com
757,disqus.com
758,curseforge.com
759,qualtrics.com
760,githubusercontent.com
761,dfn.nl
762,life360.com
763,nbcnews.com
764,rakuten.com
765,homedepot.com
766,networkadvertising.org
767,no-ip.com
768,livejournal.com
769,bandcamp.com
770,nikkei.com
771,me.com
772,amazon.it
773,gamepass.com
774,academia.edu
775,appspot.com
776,myspace.com
777,pccc.com
778,turn.com
779,discordapp.com
780,bytefcdn-ttpeu.com
781,datadoghq.com
782,adobedc.net
783,linode.com
784,a-mo.net
785,lenovo.com
786,google.nl
787,mayoclinic.org
788,lgtvcommon.com
789,ameblo.jp
790,teads.tv
791,adguard-vpn.online
792,lefigaro.fr
793,atlassian.net
794,webhostbox.net
795,recaptcha.net
796,allegro.pl
797,apnews.com
798,hbr.org
799,clever.com
800,ssl-images-amazon.com
801,zemanta.com
802,mlb.com
803,washington.edu
804,usps.com
805,primevideo.com
806,disneyplus.com
807,python.org
808,fda.gov
809,adjust.com
810,rbc.ru
811,unrulymedia.com
812,healthline.com
813,unpkg.com
814,bild.de
815,perplexity.ai
816,azure-devices.net
817,aniview.com
818,newsweek.com
819,welt.de
820,iso.org
821,bx-msedge.net
822,flashtalking.com
823,onetag-sys.com
824,cursor.sh
825,usda.gov
826,go-mpulse.net
827,princeton.edu
828,pexels.com
829,firebaseio.com
830,spotifycdn.com
831,themeforest.net
832,yellowblue.io
833,readthedocs.io
834,onlyfans.com
835,nic.io
836,afilias-nst.info
837,chess.com
838,figma.com
839,cdn-vk.ru
840,discogs.com
841,dbankcloud.cn
842,zenecn.net
843,pornhub.com
844,change.org
845,aliyuncsslbintl.com
846,agoda.com
847,cloudinary.com
848,globalsign.com
849,fwmrm.net
850,mckinsey.com
851,genius.com
852,kickstarter.com
853,docker.io
854,bankofamerica.com
855,dbankcloud.ru
856,nationalgeographic.com
857,synology.com
858,youku.com
859,shopifysvc.com
860,mozilla.net
861,sportradar.com
862,theatlantic.com
863,onet.pl
864,cootlogix.com
865,linklist.bio
866,hm.com
867,ebay.co.uk
868,otto.de
869,thenai.org
870,threads.com
871,seznam.cz
872,geobasket.ru
873,biblegateway.com
874,cloudsink.net
875,eu-1-id5-sync.com
876,worldbank.org
877,mailchi.mp
878,typeform.com
879,moloco.com
880,lowes.com
881,kick.com
882,ubnt.com
883,samsungosp.com
884,openstreetmap.org
885,huffpost.com
886,bytefcdn.com
887,wps.com
888,richaudience.com
889,prodregistryv2.org
890,attn.tv
891,tplinknbu.com
892,smartthings.com
893,kunluncan.com
894,adgrx.com
895,pbs.org
896,xiaohongshu.com
897,akamaitech.net
898,amazon.com.br
899,whitehouse.gov
900,btloader.com
901,classlink.com
902,segment.io
903,onlinepbx.ru
904,dccnet.com.cn
905,netgear.com
906,character.ai
907,cdnhwc1.com
908,epa.gov
909,dribbble.com
910,crazygames.com
911,yximgs.com
912,fbsbx.com
913,smilewanted.com
914,seedtag.com
915,shopeemobile.com
916,state.gov
917,e-msedge.net
918,chaturbate.com
919,samsungcloudsolution.net
920,usgovcloudapi.net
921,bytedns1.com
922,frontiersin.org
923,deloitte.com
924,afilias-nst.org
925,arcgis.com
926,capcut.com
927,daum.net
928,www.gov.br
929,tds.net
930,superhosting.bg
931,mercadolivre.com.br
932,onesignal.com
933,webempresa.eu
934,note.com
935,repubblica.it
936,spamhaus.org
937,ebay.de
938,corriere.it
939,adblockplus.org
940,tiktokw.us
941,microsoftpersonalcontent.com
942,stripchat.com
943,rayjump.com
944,xnxx.com
945,kueezrtb.com
946,amazon.com.au
947,ryanair.com
948,ui-dns.com
949,immedia-semi.com
950,elmundo.es
951,cdnhwc2.com
952,jetbrains.com
953,jd.com
954,playrix.com
955,mercadolibre.com.ar
956,umich.edu
957,nintendo.net
958,google.co.jp
959,t-bank-app.ru
960,kwai.com
961,sedo.com
962,selectel.ru
963,quizlet.com
964,kahoot.it
965,ad-delivery.net
966,eporner.com
967,bol.com
968,kslawin.com
969,macys.com
970,caixa.gov.br
971,binance.com
972,nexusmods.com
973,weforum.org
974,utorrent.com
975,4dex.io
976,leparisien.fr
977,cbc.ca
978,kohls.com
979,1drv.com
980,huffingtonpost.com
981,pixiv.net
982,focus.de
983,palmplaystore.com
984,kwcdn.com
985,split.io
986,redditstatic.com
987,letterboxd.com
988,singular.net
989,lavanguardia.com
990,columbia.edu
991,ancestry.com
992,heytapmobi.com
993,kleinanzeigen.de
994,edna.ru
995,vkuseraudio.net
996,ouest-france.fr
997,instructure.com
998,megafon.ru
999,coupang.com
1000,web.de
